DATAFLOW,LAST UPDATE,freq,unit,spdeps,geo,TIME_PERIOD,OBS_VALUE,OBS_FLAG
ESTAT:TPS00099(1.0),14/03/23 23:00:00,A,EUR_HAB_KP10,TOTALNOREROUTE,AT,2009,10366.72,
ESTAT:TPS00099(1.0),14/03/23 23:00:00,A,EUR_HAB_KP10,TOTALNOREROUTE,AT,2010,10461.94,
ESTAT:TPS00099(1.0),14/03/23 23:00:00,A,EUR_HAB_KP10,TOTALNOREROUTE,AT,2011,10333.29,
ESTAT:TPS00099(1.0),14/03/23 23:00:00,A,EUR_HAB_KP10,TOTALNOREROUTE,AT,2012,10438.39,
ESTAT:TPS00099(1.0),14/03/23 23:00:00,A,EUR_HAB_KP10,TOTALNOREROUTE,AT,2013,10517.76,
ESTAT:TPS00099(1.0),14/03/23 23:00:00,A,EUR_HAB_KP10,TOTALNOREROUTE,AT,2014,10583.79,
ESTAT:TPS00099(1.0),14/03/23 23:00:00,A,EUR_HAB_KP10,TOTALNOREROUTE,AT,2015,10654.85,
ESTAT:TPS00099(1.0),14/03/23 23:00:00,A,EUR_HAB_KP10,TOTALNOREROUTE,AT,2016,10764.61,
ESTAT:TPS00099(1.0),14/03/23 23:00:00,A,EUR_HAB_KP10,TOTALNOREROUTE,AT,2017,10691.33,
ESTAT:TPS00099(1.0),14/03/23 23:00:00,A,EUR_HAB_KP10,TOTALNOREROUTE,AT,2018,10772.96,
ESTAT:TPS00099(1.0),14/03/23 23:00:00,A,EUR_HAB_KP10,TOTALNOREROUTE,AT,2019,10931.90,
ESTAT:TPS00099(1.0),14/03/23 23:00:00,A,EUR_HAB_KP10,TOTALNOREROUTE,AT,2020,11822.95,
ESTAT:TPS00099(1.0),14/03/23 23:00:00,A,EUR_HAB_KP10,TOTALNOREROUTE,BA,2013,697.06,
ESTAT:TPS00099(1.0),14/03/23 23:00:00,A,EUR_HAB_KP10,TOTALNOREROUTE,BA,2014,724.61,
ESTAT:TPS00099(1.0),14/03/23 23:00:00,A,EUR_HAB_KP10,TOTALNOREROUTE,BA,2015,779.20,
ESTAT:TPS00099(1.0),14/03/23 23:00:00,A,EUR_HAB_KP10,TOTALNOREROUTE,BA,2016,873.87,
ESTAT:TPS00099(1.0),14/03/23 23:00:00,A,EUR_HAB_KP10,TOTALNOREROUTE,BA,2017,882.81,
ESTAT:TPS00099(1.0),14/03/23 23:00:00,A,EUR_HAB_KP10,TOTALNOREROUTE,BA,2018,904.56,
ESTAT:TPS00099(1.0),14/03/23 23:00:00,A,EUR_HAB_KP10,TOTALNOREROUTE,BE,2009,9890.05,
ESTAT:TPS00099(1.0),14/03/23 23:00:00,A,EUR_HAB_KP10,TOTALNOREROUTE,BE,2010,9849.13,
ESTAT:TPS00099(1.0),14/03/23 23:00:00,A,EUR_HAB_KP10,TOTALNOREROUTE,BE,2011,9866.62,
ESTAT:TPS00099(1.0),14/03/23 23:00:00,A,EUR_HAB_KP10,TOTALNOREROUTE,BE,2012,9785.98,
ESTAT:TPS00099(1.0),14/03/23 23:00:00,A,EUR_HAB_KP10,TOTALNOREROUTE,BE,2013,9908.39,
ESTAT:TPS00099(1.0),14/03/23 23:00:00,A,EUR_HAB_KP10,TOTALNOREROUTE,BE,2014,10027.57,
ESTAT:TPS00099(1.0),14/03/23 23:00:00,A,EUR_HAB_KP10,TOTALNOREROUTE,BE,2015,10173.69,
ESTAT:TPS00099(1.0),14/03/23 23:00:00,A,EUR_HAB_KP10,TOTALNOREROUTE,BE,2016,10104.05,
ESTAT:TPS00099(1.0),14/03/23 23:00:00,A,EUR_HAB_KP10,TOTALNOREROUTE,BE,2017,10067.14,
ESTAT:TPS00099(1.0),14/03/23 23:00:00,A,EUR_HAB_KP10,TOTALNOREROUTE,BE,2018,10110.00,
ESTAT:TPS00099(1.0),14/03/23 23:00:00,A,EUR_HAB_KP10,TOTALNOREROUTE,BE,2019,10300.42,
ESTAT:TPS00099(1.0),14/03/23 23:00:00,A,EUR_HAB_KP10,TOTALNOREROUTE,BE,2020,11067.05,
ESTAT:TPS00099(1.0),14/03/23 23:00:00,A,EUR_HAB_KP10,TOTALNOREROUTE,BG,2009,825.56,
ESTAT:TPS00099(1.0),14/03/23 23:00:00,A,EUR_HAB_KP10,TOTALNOREROUTE,BG,2010,879.26,
ESTAT:TPS00099(1.0),14/03/23 23:00:00,A,EUR_HAB_KP10,TOTALNOREROUTE,BG,2011,896.18,
ESTAT:TPS00099(1.0),14/03/23 23:00:00,A,EUR_HAB_KP10,TOTALNOREROUTE,BG,2012,892.82,
ESTAT:TPS00099(1.0),14/03/23 23:00:00,A,EUR_HAB_KP10,TOTALNOREROUTE,BG,2013,959.87,
ESTAT:TPS00099(1.0),14/03/23 23:00:00,A,EUR_HAB_KP10,TOTALNOREROUTE,BG,2014,1016.83,
ESTAT:TPS00099(1.0),14/03/23 23:00:00,A,EUR_HAB_KP10,TOTALNOREROUTE,BG,2015,1024.74,
ESTAT:TPS00099(1.0),14/03/23 23:00:00,A,EUR_HAB_KP10,TOTALNOREROUTE,BG,2016,1061.29,
ESTAT:TPS00099(1.0),14/03/23 23:00:00,A,EUR_HAB_KP10,TOTALNOREROUTE,BG,2017,1071.32,
ESTAT:TPS00099(1.0),14/03/23 23:00:00,A,EUR_HAB_KP10,TOTALNOREROUTE,BG,2018,1122.32,
ESTAT:TPS00099(1.0),14/03/23 23:00:00,A,EUR_HAB_KP10,TOTALNOREROUTE,BG,2019,1183.01,
ESTAT:TPS00099(1.0),14/03/23 23:00:00,A,EUR_HAB_KP10,TOTALNOREROUTE,BG,2020,1340.13,
ESTAT:TPS00099(1.0),14/03/23 23:00:00,A,EUR_HAB_KP10,TOTALNOREROUTE,CH,2009,14416.94,
ESTAT:TPS00099(1.0),14/03/23 23:00:00,A,EUR_HAB_KP10,TOTALNOREROUTE,CH,2010,14741.76,
ESTAT:TPS00099(1.0),14/03/23 23:00:00,A,EUR_HAB_KP10,TOTALNOREROUTE,CH,2011,14847.77,
ESTAT:TPS00099(1.0),14/03/23 23:00:00,A,EUR_HAB_KP10,TOTALNOREROUTE,CH,2012,15330.21,
ESTAT:TPS00099(1.0),14/03/23 23:00:00,A,EUR_HAB_KP10,TOTALNOREROUTE,CH,2013,15953.60,
ESTAT:TPS00099(1.0),14/03/23 23:00:00,A,EUR_HAB_KP10,TOTALNOREROUTE,CH,2014,15981.73,
ESTAT:TPS00099(1.0),14/03/23 23:00:00,A,EUR_HAB_KP10,TOTALNOREROUTE,CH,2015,16441.37,
ESTAT:TPS00099(1.0),14/03/23 23:00:00,A,EUR_HAB_KP10,TOTALNOREROUTE,CH,2016,16617.21,
ESTAT:TPS00099(1.0),14/03/23 23:00:00,A,EUR_HAB_KP10,TOTALNOREROUTE,CH,2017,16629.53,
ESTAT:TPS00099(1.0),14/03/23 23:00:00,A,EUR_HAB_KP10,TOTALNOREROUTE,CH,2018,16369.08,
ESTAT:TPS00099(1.0),14/03/23 23:00:00,A,EUR_HAB_KP10,TOTALNOREROUTE,CH,2019,16828.54,
ESTAT:TPS00099(1.0),14/03/23 23:00:00,A,EUR_HAB_KP10,TOTALNOREROUTE,CH,2020,18463.18,
ESTAT:TPS00099(1.0),14/03/23 23:00:00,A,EUR_HAB_KP10,TOTALNOREROUTE,CY,2009,4524.85,
ESTAT:TPS00099(1.0),14/03/23 23:00:00,A,EUR_HAB_KP10,TOTALNOREROUTE,CY,2010,4368.05,
ESTAT:TPS00099(1.0),14/03/23 23:00:00,A,EUR_HAB_KP10,TOTALNOREROUTE,CY,2011,4545.47,
ESTAT:TPS00099(1.0),14/03/23 23:00:00,A,EUR_HAB_KP10,TOTALNOREROUTE,CY,2012,4475.62,
ESTAT:TPS00099(1.0),14/03/23 23:00:00,A,EUR_HAB_KP10,TOTALNOREROUTE,CY,2013,4596.81,
ESTAT:TPS00099(1.0),14/03/23 23:00:00,A,EUR_HAB_KP10,TOTALNOREROUTE,CY,2014,3995.87,
ESTAT:TPS00099(1.0),14/03/23 23:00:00,A,EUR_HAB_KP10,TOTALNOREROUTE,CY,2015,4190.72,
ESTAT:TPS00099(1.0),14/03/23 23:00:00,A,EUR_HAB_KP10,TOTALNOREROUTE,CY,2016,4367.57,
ESTAT:TPS00099(1.0),14/03/23 23:00:00,A,EUR_HAB_KP10,TOTALNOREROUTE,CY,2017,4330.42,
ESTAT:TPS00099(1.0),14/03/23 23:00:00,A,EUR_HAB_KP10,TOTALNOREROUTE,CY,2018,4348.86,
ESTAT:TPS00099(1.0),14/03/23 23:00:00,A,EUR_HAB_KP10,TOTALNOREROUTE,CY,2019,4624.20,
ESTAT:TPS00099(1.0),14/03/23 23:00:00,A,EUR_HAB_KP10,TOTALNOREROUTE,CY,2020,5811.10,
ESTAT:TPS00099(1.0),14/03/23 23:00:00,A,EUR_HAB_KP10,TOTALNOREROUTE,CZ,2009,2994.89,
ESTAT:TPS00099(1.0),14/03/23 23:00:00,A,EUR_HAB_KP10,TOTALNOREROUTE,CZ,2010,2987.67,
ESTAT:TPS00099(1.0),14/03/23 23:00:00,A,EUR_HAB_KP10,TOTALNOREROUTE,CZ,2011,2980.05,
ESTAT:TPS00099(1.0),14/03/23 23:00:00,A,EUR_HAB_KP10,TOTALNOREROUTE,CZ,2012,3004.80,
ESTAT:TPS00099(1.0),14/03/23 23:00:00,A,EUR_HAB_KP10,TOTALNOREROUTE,CZ,2013,2969.48,
ESTAT:TPS00099(1.0),14/03/23 23:00:00,A,EUR_HAB_KP10,TOTALNOREROUTE,CZ,2014,3015.99,
ESTAT:TPS00099(1.0),14/03/23 23:00:00,A,EUR_HAB_KP10,TOTALNOREROUTE,CZ,2015,3077.63,
ESTAT:TPS00099(1.0),14/03/23 23:00:00,A,EUR_HAB_KP10,TOTALNOREROUTE,CZ,2016,3152.07,
ESTAT:TPS00099(1.0),14/03/23 23:00:00,A,EUR_HAB_KP10,TOTALNOREROUTE,CZ,2017,3195.92,
ESTAT:TPS00099(1.0),14/03/23 23:00:00,A,EUR_HAB_KP10,TOTALNOREROUTE,CZ,2018,3293.00,
ESTAT:TPS00099(1.0),14/03/23 23:00:00,A,EUR_HAB_KP10,TOTALNOREROUTE,CZ,2019,3456.93,
ESTAT:TPS00099(1.0),14/03/23 23:00:00,A,EUR_HAB_KP10,TOTALNOREROUTE,CZ,2020,3833.51,
ESTAT:TPS00099(1.0),14/03/23 23:00:00,A,EUR_HAB_KP10,TOTALNOREROUTE,DE,2009,9336.95,
ESTAT:TPS00099(1.0),14/03/23 23:00:00,A,EUR_HAB_KP10,TOTALNOREROUTE,DE,2010,9416.26,
ESTAT:TPS00099(1.0),14/03/23 23:00:00,A,EUR_HAB_KP10,TOTALNOREROUTE,DE,2011,9497.41,
ESTAT:TPS00099(1.0),14/03/23 23:00:00,A,EUR_HAB_KP10,TOTALNOREROUTE,DE,2012,9565.43,
ESTAT:TPS00099(1.0),14/03/23 23:00:00,A,EUR_HAB_KP10,TOTALNOREROUTE,DE,2013,9718.33,
ESTAT:TPS00099(1.0),14/03/23 23:00:00,A,EUR_HAB_KP10,TOTALNOREROUTE,DE,2014,9902.41,
ESTAT:TPS00099(1.0),14/03/23 23:00:00,A,EUR_HAB_KP10,TOTALNOREROUTE,DE,2015,10178.62,
ESTAT:TPS00099(1.0),14/03/23 23:00:00,A,EUR_HAB_KP10,TOTALNOREROUTE,DE,2016,10472.85,
ESTAT:TPS00099(1.0),14/03/23 23:00:00,A,EUR_HAB_KP10,TOTALNOREROUTE,DE,2017,10675.70,
ESTAT:TPS00099(1.0),14/03/23 23:00:00,A,EUR_HAB_KP10,TOTALNOREROUTE,DE,2018,10839.53,
ESTAT:TPS00099(1.0),14/03/23 23:00:00,A,EUR_HAB_KP10,TOTALNOREROUTE,DE,2019,11135.07,
ESTAT:TPS00099(1.0),14/03/23 23:00:00,A,EUR_HAB_KP10,TOTALNOREROUTE,DE,2020,11830.87,p
ESTAT:TPS00099(1.0),14/03/23 23:00:00,A,EUR_HAB_KP10,TOTALNOREROUTE,DK,2009,14631.73,
ESTAT:TPS00099(1.0),14/03/23 23:00:00,A,EUR_HAB_KP10,TOTALNOREROUTE,DK,2010,14921.55,
ESTAT:TPS00099(1.0),14/03/23 23:00:00,A,EUR_HAB_KP10,TOTALNOREROUTE,DK,2011,14695.59,
ESTAT:TPS00099(1.0),14/03/23 23:00:00,A,EUR_HAB_KP10,TOTALNOREROUTE,DK,2012,14791.34,
ESTAT:TPS00099(1.0),14/03/23 23:00:00,A,EUR_HAB_KP10,TOTALNOREROUTE,DK,2013,15282.24,
ESTAT:TPS00099(1.0),14/03/23 23:00:00,A,EUR_HAB_KP10,TOTALNOREROUTE,DK,2014,15510.68,
ESTAT:TPS00099(1.0),14/03/23 23:00:00,A,EUR_HAB_KP10,TOTALNOREROUTE,DK,2015,15508.64,
ESTAT:TPS00099(1.0),14/03/23 23:00:00,A,EUR_HAB_KP10,TOTALNOREROUTE,DK,2016,15288.43,
ESTAT:TPS00099(1.0),14/03/23 23:00:00,A,EUR_HAB_KP10,TOTALNOREROUTE,DK,2017,15437.38,
ESTAT:TPS00099(1.0),14/03/23 23:00:00,A,EUR_HAB_KP10,TOTALNOREROUTE,DK,2018,15498.00,
ESTAT:TPS00099(1.0),14/03/23 23:00:00,A,EUR_HAB_KP10,TOTALNOREROUTE,DK,2019,15627.71,
ESTAT:TPS00099(1.0),14/03/23 23:00:00,A,EUR_HAB_KP10,TOTALNOREROUTE,DK,2020,15986.60,
ESTAT:TPS00099(1.0),14/03/23 23:00:00,A,EUR_HAB_KP10,TOTALNOREROUTE,EA19,2009,8256.66,
ESTAT:TPS00099(1.0),14/03/23 23:00:00,A,EUR_HAB_KP10,TOTALNOREROUTE,EA19,2010,8320.86,
ESTAT:TPS00099(1.0),14/03/23 23:00:00,A,EUR_HAB_KP10,TOTALNOREROUTE,EA19,2011,8318.84,
ESTAT:TPS00099(1.0),14/03/23 23:00:00,A,EUR_HAB_KP10,TOTALNOREROUTE,EA19,2012,8329.58,
ESTAT:TPS00099(1.0),14/03/23 23:00:00,A,EUR_HAB_KP10,TOTALNOREROUTE,EA19,2013,8386.07,
ESTAT:TPS00099(1.0),14/03/23 23:00:00,A,EUR_HAB_KP10,TOTALNOREROUTE,EA19,2014,8476.19,
ESTAT:TPS00099(1.0),14/03/23 23:00:00,A,EUR_HAB_KP10,TOTALNOREROUTE,EA19,2015,8618.68,
ESTAT:TPS00099(1.0),14/03/23 23:00:00,A,EUR_HAB_KP10,TOTALNOREROUTE,EA19,2016,8745.75,p
ESTAT:TPS00099(1.0),14/03/23 23:00:00,A,EUR_HAB_KP10,TOTALNOREROUTE,EA19,2017,8829.30,p
ESTAT:TPS00099(1.0),14/03/23 23:00:00,A,EUR_HAB_KP10,TOTALNOREROUTE,EA19,2018,8926.22,p
ESTAT:TPS00099(1.0),14/03/23 23:00:00,A,EUR_HAB_KP10,TOTALNOREROUTE,EA19,2019,9129.09,p
ESTAT:TPS00099(1.0),14/03/23 23:00:00,A,EUR_HAB_KP10,TOTALNOREROUTE,EA19,2020,9787.82,p
ESTAT:TPS00099(1.0),14/03/23 23:00:00,A,EUR_HAB_KP10,TOTALNOREROUTE,EE,2009,2049.75,
ESTAT:TPS00099(1.0),14/03/23 23:00:00,A,EUR_HAB_KP10,TOTALNOREROUTE,EE,2010,1944.88,
ESTAT:TPS00099(1.0),14/03/23 23:00:00,A,EUR_HAB_KP10,TOTALNOREROUTE,EE,2011,1871.55,
ESTAT:TPS00099(1.0),14/03/23 23:00:00,A,EUR_HAB_KP10,TOTALNOREROUTE,EE,2012,1868.88,
ESTAT:TPS00099(1.0),14/03/23 23:00:00,A,EUR_HAB_KP10,TOTALNOREROUTE,EE,2013,1893.10,
ESTAT:TPS00099(1.0),14/03/23 23:00:00,A,EUR_HAB_KP10,TOTALNOREROUTE,EE,2014,1986.57,
ESTAT:TPS00099(1.0),14/03/23 23:00:00,A,EUR_HAB_KP10,TOTALNOREROUTE,EE,2015,2201.10,
ESTAT:TPS00099(1.0),14/03/23 23:00:00,A,EUR_HAB_KP10,TOTALNOREROUTE,EE,2016,2343.44,
ESTAT:TPS00099(1.0),14/03/23 23:00:00,A,EUR_HAB_KP10,TOTALNOREROUTE,EE,2017,2366.35,
ESTAT:TPS00099(1.0),14/03/23 23:00:00,A,EUR_HAB_KP10,TOTALNOREROUTE,EE,2018,2516.91,
ESTAT:TPS00099(1.0),14/03/23 23:00:00,A,EUR_HAB_KP10,TOTALNOREROUTE,EE,2019,2630.68,
ESTAT:TPS00099(1.0),14/03/23 23:00:00,A,EUR_HAB_KP10,TOTALNOREROUTE,EE,2020,3028.70,
ESTAT:TPS00099(1.0),14/03/23 23:00:00,A,EUR_HAB_KP10,TOTALNOREROUTE,EL,2009,5248.59,
ESTAT:TPS00099(1.0),14/03/23 23:00:00,A,EUR_HAB_KP10,TOTALNOREROUTE,EL,2010,5247.30,
ESTAT:TPS00099(1.0),14/03/23 23:00:00,A,EUR_HAB_KP10,TOTALNOREROUTE,EL,2011,4999.57,
ESTAT:TPS00099(1.0),14/03/23 23:00:00,A,EUR_HAB_KP10,TOTALNOREROUTE,EL,2012,4750.84,
ESTAT:TPS00099(1.0),14/03/23 23:00:00,A,EUR_HAB_KP10,TOTALNOREROUTE,EL,2013,4354.31,
ESTAT:TPS00099(1.0),14/03/23 23:00:00,A,EUR_HAB_KP10,TOTALNOREROUTE,EL,2014,4323.54,
ESTAT:TPS00099(1.0),14/03/23 23:00:00,A,EUR_HAB_KP10,TOTALNOREROUTE,EL,2015,4429.87,
ESTAT:TPS00099(1.0),14/03/23 23:00:00,A,EUR_HAB_KP10,TOTALNOREROUTE,EL,2016,4495.08,
ESTAT:TPS00099(1.0),14/03/23 23:00:00,A,EUR_HAB_KP10,TOTALNOREROUTE,EL,2017,4386.25,p
ESTAT:TPS00099(1.0),14/03/23 23:00:00,A,EUR_HAB_KP10,TOTALNOREROUTE,EL,2018,4415.29,p
ESTAT:TPS00099(1.0),14/03/23 23:00:00,A,EUR_HAB_KP10,TOTALNOREROUTE,EL,2019,4495.30,p
ESTAT:TPS00099(1.0),14/03/23 23:00:00,A,EUR_HAB_KP10,TOTALNOREROUTE,EL,2020,4744.32,p
ESTAT:TPS00099(1.0),14/03/23 23:00:00,A,EUR_HAB_KP10,TOTALNOREROUTE,ES,2009,5802.16,
ESTAT:TPS00099(1.0),14/03/23 23:00:00,A,EUR_HAB_KP10,TOTALNOREROUTE,ES,2010,5715.80,
ESTAT:TPS00099(1.0),14/03/23 23:00:00,A,EUR_HAB_KP10,TOTALNOREROUTE,ES,2011,5668.05,
ESTAT:TPS00099(1.0),14/03/23 23:00:00,A,EUR_HAB_KP10,TOTALNOREROUTE,ES,2012,5422.07,
ESTAT:TPS00099(1.0),14/03/23 23:00:00,A,EUR_HAB_KP10,TOTALNOREROUTE,ES,2013,5386.32,
ESTAT:TPS00099(1.0),14/03/23 23:00:00,A,EUR_HAB_KP10,TOTALNOREROUTE,ES,2014,5368.49,
ESTAT:TPS00099(1.0),14/03/23 23:00:00,A,EUR_HAB_KP10,TOTALNOREROUTE,ES,2015,5434.71,
ESTAT:TPS00099(1.0),14/03/23 23:00:00,A,EUR_HAB_KP10,TOTALNOREROUTE,ES,2016,5407.41,
ESTAT:TPS00099(1.0),14/03/23 23:00:00,A,EUR_HAB_KP10,TOTALNOREROUTE,ES,2017,5445.80,
ESTAT:TPS00099(1.0),14/03/23 23:00:00,A,EUR_HAB_KP10,TOTALNOREROUTE,ES,2018,5573.72,p
ESTAT:TPS00099(1.0),14/03/23 23:00:00,A,EUR_HAB_KP10,TOTALNOREROUTE,ES,2019,5793.35,p
ESTAT:TPS00099(1.0),14/03/23 23:00:00,A,EUR_HAB_KP10,TOTALNOREROUTE,ES,2020,6443.74,p
ESTAT:TPS00099(1.0),14/03/23 23:00:00,A,EUR_HAB_KP10,TOTALNOREROUTE,EU27_2020,2009,7081.20,
ESTAT:TPS00099(1.0),14/03/23 23:00:00,A,EUR_HAB_KP10,TOTALNOREROUTE,EU27_2020,2010,7130.49,
ESTAT:TPS00099(1.0),14/03/23 23:00:00,A,EUR_HAB_KP10,TOTALNOREROUTE,EU27_2020,2011,7122.23,
ESTAT:TPS00099(1.0),14/03/23 23:00:00,A,EUR_HAB_KP10,TOTALNOREROUTE,EU27_2020,2012,7143.84,
ESTAT:TPS00099(1.0),14/03/23 23:00:00,A,EUR_HAB_KP10,TOTALNOREROUTE,EU27_2020,2013,7218.43,
ESTAT:TPS00099(1.0),14/03/23 23:00:00,A,EUR_HAB_KP10,TOTALNOREROUTE,EU27_2020,2014,7307.97,
ESTAT:TPS00099(1.0),14/03/23 23:00:00,A,EUR_HAB_KP10,TOTALNOREROUTE,EU27_2020,2015,7444.25,
ESTAT:TPS00099(1.0),14/03/23 23:00:00,A,EUR_HAB_KP10,TOTALNOREROUTE,EU27_2020,2016,7585.41,p
ESTAT:TPS00099(1.0),14/03/23 23:00:00,A,EUR_HAB_KP10,TOTALNOREROUTE,EU27_2020,2017,7660.42,p
ESTAT:TPS00099(1.0),14/03/23 23:00:00,A,EUR_HAB_KP10,TOTALNOREROUTE,EU27_2020,2018,7749.29,p
ESTAT:TPS00099(1.0),14/03/23 23:00:00,A,EUR_HAB_KP10,TOTALNOREROUTE,EU27_2020,2019,7940.54,p
ESTAT:TPS00099(1.0),14/03/23 23:00:00,A,EUR_HAB_KP10,TOTALNOREROUTE,EU27_2020,2020,8518.65,p
ESTAT:TPS00099(1.0),14/03/23 23:00:00,A,EUR_HAB_KP10,TOTALNOREROUTE,EU28,2009,7238.18,
ESTAT:TPS00099(1.0),14/03/23 23:00:00,A,EUR_HAB_KP10,TOTALNOREROUTE,EU28,2010,7300.62,
ESTAT:TPS00099(1.0),14/03/23 23:00:00,A,EUR_HAB_KP10,TOTALNOREROUTE,EU28,2011,7295.15,
ESTAT:TPS00099(1.0),14/03/23 23:00:00,A,EUR_HAB_KP10,TOTALNOREROUTE,EU28,2012,7315.69,
ESTAT:TPS00099(1.0),14/03/23 23:00:00,A,EUR_HAB_KP10,TOTALNOREROUTE,EU28,2013,7381.24,
ESTAT:TPS00099(1.0),14/03/23 23:00:00,A,EUR_HAB_KP10,TOTALNOREROUTE,EU28,2014,7441.83,
ESTAT:TPS00099(1.0),14/03/23 23:00:00,A,EUR_HAB_KP10,TOTALNOREROUTE,EU28,2015,7572.81,
ESTAT:TPS00099(1.0),14/03/23 23:00:00,A,EUR_HAB_KP10,TOTALNOREROUTE,EU28,2016,7677.06,p
ESTAT:TPS00099(1.0),14/03/23 23:00:00,A,EUR_HAB_KP10,TOTALNOREROUTE,EU28,2017,7791.54,p
ESTAT:TPS00099(1.0),14/03/23 23:00:00,A,EUR_HAB_KP10,TOTALNOREROUTE,EU28,2018,7849.46,p
ESTAT:TPS00099(1.0),14/03/23 23:00:00,A,EUR_HAB_KP10,TOTALNOREROUTE,FI,2009,10000.25,
ESTAT:TPS00099(1.0),14/03/23 23:00:00,A,EUR_HAB_KP10,TOTALNOREROUTE,FI,2010,10223.45,
ESTAT:TPS00099(1.0),14/03/23 23:00:00,A,EUR_HAB_KP10,TOTALNOREROUTE,FI,2011,10196.14,
ESTAT:TPS00099(1.0),14/03/23 23:00:00,A,EUR_HAB_KP10,TOTALNOREROUTE,FI,2012,10405.12,
ESTAT:TPS00099(1.0),14/03/23 23:00:00,A,EUR_HAB_KP10,TOTALNOREROUTE,FI,2013,10643.05,
ESTAT:TPS00099(1.0),14/03/23 23:00:00,A,EUR_HAB_KP10,TOTALNOREROUTE,FI,2014,10823.65,
ESTAT:TPS00099(1.0),14/03/23 23:00:00,A,EUR_HAB_KP10,TOTALNOREROUTE,FI,2015,10989.05,
ESTAT:TPS00099(1.0),14/03/23 23:00:00,A,EUR_HAB_KP10,TOTALNOREROUTE,FI,2016,11244.90,
ESTAT:TPS00099(1.0),14/03/23 23:00:00,A,EUR_HAB_KP10,TOTALNOREROUTE,FI,2017,11175.71,
ESTAT:TPS00099(1.0),14/03/23 23:00:00,A,EUR_HAB_KP10,TOTALNOREROUTE,FI,2018,11192.72,
ESTAT:TPS00099(1.0),14/03/23 23:00:00,A,EUR_HAB_KP10,TOTALNOREROUTE,FI,2019,11341.98,
ESTAT:TPS00099(1.0),14/03/23 23:00:00,A,EUR_HAB_KP10,TOTALNOREROUTE,FI,2020,11737.95,
ESTAT:TPS00099(1.0),14/03/23 23:00:00,A,EUR_HAB_KP10,TOTALNOREROUTE,FR,2009,10084.11,
ESTAT:TPS00099(1.0),14/03/23 23:00:00,A,EUR_HAB_KP10,TOTALNOREROUTE,FR,2010,10215.29,
ESTAT:TPS00099(1.0),14/03/23 23:00:00,A,EUR_HAB_KP10,TOTALNOREROUTE,FR,2011,10286.54,
ESTAT:TPS00099(1.0),14/03/23 23:00:00,A,EUR_HAB_KP10,TOTALNOREROUTE,FR,2012,10511.94,
ESTAT:TPS00099(1.0),14/03/23 23:00:00,A,EUR_HAB_KP10,TOTALNOREROUTE,FR,2013,10653.87,
ESTAT:TPS00099(1.0),14/03/23 23:00:00,A,EUR_HAB_KP10,TOTALNOREROUTE,FR,2014,10796.54,
ESTAT:TPS00099(1.0),14/03/23 23:00:00,A,EUR_HAB_KP10,TOTALNOREROUTE,FR,2015,10900.89,
ESTAT:TPS00099(1.0),14/03/23 23:00:00,A,EUR_HAB_KP10,TOTALNOREROUTE,FR,2016,11047.11,
ESTAT:TPS00099(1.0),14/03/23 23:00:00,A,EUR_HAB_KP10,TOTALNOREROUTE,FR,2017,11148.18,
ESTAT:TPS00099(1.0),14/03/23 23:00:00,A,EUR_HAB_KP10,TOTALNOREROUTE,FR,2018,11188.65,
ESTAT:TPS00099(1.0),14/03/23 23:00:00,A,EUR_HAB_KP10,TOTALNOREROUTE,FR,2019,11284.42,
ESTAT:TPS00099(1.0),14/03/23 23:00:00,A,EUR_HAB_KP10,TOTALNOREROUTE,FR,2020,11818.64,p
ESTAT:TPS00099(1.0),14/03/23 23:00:00,A,EUR_HAB_KP10,TOTALNOREROUTE,HR,2009,2247.58,
ESTAT:TPS00099(1.0),14/03/23 23:00:00,A,EUR_HAB_KP10,TOTALNOREROUTE,HR,2010,2233.83,
ESTAT:TPS00099(1.0),14/03/23 23:00:00,A,EUR_HAB_KP10,TOTALNOREROUTE,HR,2011,2197.81,
ESTAT:TPS00099(1.0),14/03/23 23:00:00,A,EUR_HAB_KP10,TOTALNOREROUTE,HR,2012,2186.82,
ESTAT:TPS00099(1.0),14/03/23 23:00:00,A,EUR_HAB_KP10,TOTALNOREROUTE,HR,2013,2148.33,
ESTAT:TPS00099(1.0),14/03/23 23:00:00,A,EUR_HAB_KP10,TOTALNOREROUTE,HR,2014,2208.10,
ESTAT:TPS00099(1.0),14/03/23 23:00:00,A,EUR_HAB_KP10,TOTALNOREROUTE,HR,2015,2279.85,
ESTAT:TPS00099(1.0),14/03/23 23:00:00,A,EUR_HAB_KP10,TOTALNOREROUTE,HR,2016,2405.46,
ESTAT:TPS00099(1.0),14/03/23 23:00:00,A,EUR_HAB_KP10,TOTALNOREROUTE,HR,2017,2480.19,
ESTAT:TPS00099(1.0),14/03/23 23:00:00,A,EUR_HAB_KP10,TOTALNOREROUTE,HR,2018,2588.34,
ESTAT:TPS00099(1.0),14/03/23 23:00:00,A,EUR_HAB_KP10,TOTALNOREROUTE,HR,2019,2708.20,
ESTAT:TPS00099(1.0),14/03/23 23:00:00,A,EUR_HAB_KP10,TOTALNOREROUTE,HR,2020,2827.61,
ESTAT:TPS00099(1.0),14/03/23 23:00:00,A,EUR_HAB_KP10,TOTALNOREROUTE,HU,2009,2242.60,
ESTAT:TPS00099(1.0),14/03/23 23:00:00,A,EUR_HAB_KP10,TOTALNOREROUTE,HU,2010,2225.83,
ESTAT:TPS00099(1.0),14/03/23 23:00:00,A,EUR_HAB_KP10,TOTALNOREROUTE,HU,2011,2170.05,
ESTAT:TPS00099(1.0),14/03/23 23:00:00,A,EUR_HAB_KP10,TOTALNOREROUTE,HU,2012,2082.16,
ESTAT:TPS00099(1.0),14/03/23 23:00:00,A,EUR_HAB_KP10,TOTALNOREROUTE,HU,2013,2110.15,
ESTAT:TPS00099(1.0),14/03/23 23:00:00,A,EUR_HAB_KP10,TOTALNOREROUTE,HU,2014,2126.94,
ESTAT:TPS00099(1.0),14/03/23 23:00:00,A,EUR_HAB_KP10,TOTALNOREROUTE,HU,2015,2160.31,b
ESTAT:TPS00099(1.0),14/03/23 23:00:00,A,EUR_HAB_KP10,TOTALNOREROUTE,HU,2016,2190.60,
ESTAT:TPS00099(1.0),14/03/23 23:00:00,A,EUR_HAB_KP10,TOTALNOREROUTE,HU,2017,2217.95,
ESTAT:TPS00099(1.0),14/03/23 23:00:00,A,EUR_HAB_KP10,TOTALNOREROUTE,HU,2018,2285.55,
ESTAT:TPS00099(1.0),14/03/23 23:00:00,A,EUR_HAB_KP10,TOTALNOREROUTE,HU,2019,2268.31,
ESTAT:TPS00099(1.0),14/03/23 23:00:00,A,EUR_HAB_KP10,TOTALNOREROUTE,HU,2020,2417.17,p
ESTAT:TPS00099(1.0),14/03/23 23:00:00,A,EUR_HAB_KP10,TOTALNOREROUTE,IE,2009,9121.69,
ESTAT:TPS00099(1.0),14/03/23 23:00:00,A,EUR_HAB_KP10,TOTALNOREROUTE,IE,2010,9306.43,
ESTAT:TPS00099(1.0),14/03/23 23:00:00,A,EUR_HAB_KP10,TOTALNOREROUTE,IE,2011,9027.45,
ESTAT:TPS00099(1.0),14/03/23 23:00:00,A,EUR_HAB_KP10,TOTALNOREROUTE,IE,2012,8941.86,
ESTAT:TPS00099(1.0),14/03/23 23:00:00,A,EUR_HAB_KP10,TOTALNOREROUTE,IE,2013,8611.23,
ESTAT:TPS00099(1.0),14/03/23 23:00:00,A,EUR_HAB_KP10,TOTALNOREROUTE,IE,2014,8482.07,
ESTAT:TPS00099(1.0),14/03/23 23:00:00,A,EUR_HAB_KP10,TOTALNOREROUTE,IE,2015,8566.79,
ESTAT:TPS00099(1.0),14/03/23 23:00:00,A,EUR_HAB_KP10,TOTALNOREROUTE,IE,2016,8579.30,
ESTAT:TPS00099(1.0),14/03/23 23:00:00,A,EUR_HAB_KP10,TOTALNOREROUTE,IE,2017,8675.78,
ESTAT:TPS00099(1.0),14/03/23 23:00:00,A,EUR_HAB_KP10,TOTALNOREROUTE,IE,2018,8736.18,
ESTAT:TPS00099(1.0),14/03/23 23:00:00,A,EUR_HAB_KP10,TOTALNOREROUTE,IE,2019,8902.63,
ESTAT:TPS00099(1.0),14/03/23 23:00:00,A,EUR_HAB_KP10,TOTALNOREROUTE,IE,2020,10324.39,
ESTAT:TPS00099(1.0),14/03/23 23:00:00,A,EUR_HAB_KP10,TOTALNOREROUTE,IS,2009,7635.50,
ESTAT:TPS00099(1.0),14/03/23 23:00:00,A,EUR_HAB_KP10,TOTALNOREROUTE,IS,2010,7323.51,
ESTAT:TPS00099(1.0),14/03/23 23:00:00,A,EUR_HAB_KP10,TOTALNOREROUTE,IS,2011,7605.15,
ESTAT:TPS00099(1.0),14/03/23 23:00:00,A,EUR_HAB_KP10,TOTALNOREROUTE,IS,2012,7407.64,
ESTAT:TPS00099(1.0),14/03/23 23:00:00,A,EUR_HAB_KP10,TOTALNOREROUTE,IS,2013,7413.83,
ESTAT:TPS00099(1.0),14/03/23 23:00:00,A,EUR_HAB_KP10,TOTALNOREROUTE,IS,2014,7644.09,
ESTAT:TPS00099(1.0),14/03/23 23:00:00,A,EUR_HAB_KP10,TOTALNOREROUTE,IS,2015,7857.68,
ESTAT:TPS00099(1.0),14/03/23 23:00:00,A,EUR_HAB_KP10,TOTALNOREROUTE,IS,2016,8230.12,
ESTAT:TPS00099(1.0),14/03/23 23:00:00,A,EUR_HAB_KP10,TOTALNOREROUTE,IS,2017,8893.08,
ESTAT:TPS00099(1.0),14/03/23 23:00:00,A,EUR_HAB_KP10,TOTALNOREROUTE,IS,2018,9236.85,
ESTAT:TPS00099(1.0),14/03/23 23:00:00,A,EUR_HAB_KP10,TOTALNOREROUTE,IS,2019,9618.71,
ESTAT:TPS00099(1.0),14/03/23 23:00:00,A,EUR_HAB_KP10,TOTALNOREROUTE,IS,2020,10831.16,
ESTAT:TPS00099(1.0),14/03/23 23:00:00,A,EUR_HAB_KP10,TOTALNOREROUTE,IT,2009,7678.17,
ESTAT:TPS00099(1.0),14/03/23 23:00:00,A,EUR_HAB_KP10,TOTALNOREROUTE,IT,2010,7730.20,
ESTAT:TPS00099(1.0),14/03/23 23:00:00,A,EUR_HAB_KP10,TOTALNOREROUTE,IT,2011,7613.40,
ESTAT:TPS00099(1.0),14/03/23 23:00:00,A,EUR_HAB_KP10,TOTALNOREROUTE,IT,2012,7520.01,
ESTAT:TPS00099(1.0),14/03/23 23:00:00,A,EUR_HAB_KP10,TOTALNOREROUTE,IT,2013,7459.93,
ESTAT:TPS00099(1.0),14/03/23 23:00:00,A,EUR_HAB_KP10,TOTALNOREROUTE,IT,2014,7494.58,
ESTAT:TPS00099(1.0),14/03/23 23:00:00,A,EUR_HAB_KP10,TOTALNOREROUTE,IT,2015,7636.67,
ESTAT:TPS00099(1.0),14/03/23 23:00:00,A,EUR_HAB_KP10,TOTALNOREROUTE,IT,2016,7684.46,
ESTAT:TPS00099(1.0),14/03/23 23:00:00,A,EUR_HAB_KP10,TOTALNOREROUTE,IT,2017,7718.54,
ESTAT:TPS00099(1.0),14/03/23 23:00:00,A,EUR_HAB_KP10,TOTALNOREROUTE,IT,2018,7805.69,p
ESTAT:TPS00099(1.0),14/03/23 23:00:00,A,EUR_HAB_KP10,TOTALNOREROUTE,IT,2019,8061.57,p
ESTAT:TPS00099(1.0),14/03/23 23:00:00,A,EUR_HAB_KP10,TOTALNOREROUTE,IT,2020,8746.41,p
ESTAT:TPS00099(1.0),14/03/23 23:00:00,A,EUR_HAB_KP10,TOTALNOREROUTE,LT,2009,1805.23,
ESTAT:TPS00099(1.0),14/03/23 23:00:00,A,EUR_HAB_KP10,TOTALNOREROUTE,LT,2010,1730.54,
ESTAT:TPS00099(1.0),14/03/23 23:00:00,A,EUR_HAB_KP10,TOTALNOREROUTE,LT,2011,1681.54,
ESTAT:TPS00099(1.0),14/03/23 23:00:00,A,EUR_HAB_KP10,TOTALNOREROUTE,LT,2012,1704.16,
ESTAT:TPS00099(1.0),14/03/23 23:00:00,A,EUR_HAB_KP10,TOTALNOREROUTE,LT,2013,1687.94,
ESTAT:TPS00099(1.0),14/03/23 23:00:00,A,EUR_HAB_KP10,TOTALNOREROUTE,LT,2014,1767.39,
ESTAT:TPS00099(1.0),14/03/23 23:00:00,A,EUR_HAB_KP10,TOTALNOREROUTE,LT,2015,1858.02,
ESTAT:TPS00099(1.0),14/03/23 23:00:00,A,EUR_HAB_KP10,TOTALNOREROUTE,LT,2016,1898.54,
ESTAT:TPS00099(1.0),14/03/23 23:00:00,A,EUR_HAB_KP10,TOTALNOREROUTE,LT,2017,1974.75,
ESTAT:TPS00099(1.0),14/03/23 23:00:00,A,EUR_HAB_KP10,TOTALNOREROUTE,LT,2018,2178.89,
ESTAT:TPS00099(1.0),14/03/23 23:00:00,A,EUR_HAB_KP10,TOTALNOREROUTE,LT,2019,2358.24,p
ESTAT:TPS00099(1.0),14/03/23 23:00:00,A,EUR_HAB_KP10,TOTALNOREROUTE,LT,2020,2751.52,p
ESTAT:TPS00099(1.0),14/03/23 23:00:00,A,EUR_HAB_KP10,TOTALNOREROUTE,LU,2009,17457.07,
ESTAT:TPS00099(1.0),14/03/23 23:00:00,A,EUR_HAB_KP10,TOTALNOREROUTE,LU,2010,17554.63,
ESTAT:TPS00099(1.0),14/03/23 23:00:00,A,EUR_HAB_KP10,TOTALNOREROUTE,LU,2011,17316.10,
ESTAT:TPS00099(1.0),14/03/23 23:00:00,A,EUR_HAB_KP10,TOTALNOREROUTE,LU,2012,17615.61,
ESTAT:TPS00099(1.0),14/03/23 23:00:00,A,EUR_HAB_KP10,TOTALNOREROUTE,LU,2013,17970.43,
ESTAT:TPS00099(1.0),14/03/23 23:00:00,A,EUR_HAB_KP10,TOTALNOREROUTE,LU,2014,18111.66,
ESTAT:TPS00099(1.0),14/03/23 23:00:00,A,EUR_HAB_KP10,TOTALNOREROUTE,LU,2015,17897.51,
ESTAT:TPS00099(1.0),14/03/23 23:00:00,A,EUR_HAB_KP10,TOTALNOREROUTE,LU,2016,17737.58,
ESTAT:TPS00099(1.0),14/03/23 23:00:00,A,EUR_HAB_KP10,TOTALNOREROUTE,LU,2017,18045.14,
ESTAT:TPS00099(1.0),14/03/23 23:00:00,A,EUR_HAB_KP10,TOTALNOREROUTE,LU,2018,18367.88,
ESTAT:TPS00099(1.0),14/03/23 23:00:00,A,EUR_HAB_KP10,TOTALNOREROUTE,LU,2019,18580.21,
ESTAT:TPS00099(1.0),14/03/23 23:00:00,A,EUR_HAB_KP10,TOTALNOREROUTE,LU,2020,20709.76,
ESTAT:TPS00099(1.0),14/03/23 23:00:00,A,EUR_HAB_KP10,TOTALNOREROUTE,LV,2009,1420.31,
ESTAT:TPS00099(1.0),14/03/23 23:00:00,A,EUR_HAB_KP10,TOTALNOREROUTE,LV,2010,1531.06,
ESTAT:TPS00099(1.0),14/03/23 23:00:00,A,EUR_HAB_KP10,TOTALNOREROUTE,LV,2011,1403.67,
ESTAT:TPS00099(1.0),14/03/23 23:00:00,A,EUR_HAB_KP10,TOTALNOREROUTE,LV,2012,1398.88,
ESTAT:TPS00099(1.0),14/03/23 23:00:00,A,EUR_HAB_KP10,TOTALNOREROUTE,LV,2013,1488.52,
ESTAT:TPS00099(1.0),14/03/23 23:00:00,A,EUR_HAB_KP10,TOTALNOREROUTE,LV,2014,1526.36,
ESTAT:TPS00099(1.0),14/03/23 23:00:00,A,EUR_HAB_KP10,TOTALNOREROUTE,LV,2015,1638.27,
ESTAT:TPS00099(1.0),14/03/23 23:00:00,A,EUR_HAB_KP10,TOTALNOREROUTE,LV,2016,1703.37,
ESTAT:TPS00099(1.0),14/03/23 23:00:00,A,EUR_HAB_KP10,TOTALNOREROUTE,LV,2017,1748.23,
ESTAT:TPS00099(1.0),14/03/23 23:00:00,A,EUR_HAB_KP10,TOTALNOREROUTE,LV,2018,1900.46,p
ESTAT:TPS00099(1.0),14/03/23 23:00:00,A,EUR_HAB_KP10,TOTALNOREROUTE,LV,2019,1998.29,
ESTAT:TPS00099(1.0),14/03/23 23:00:00,A,EUR_HAB_KP10,TOTALNOREROUTE,LV,2020,2196.46,
ESTAT:TPS00099(1.0),14/03/23 23:00:00,A,EUR_HAB_KP10,TOTALNOREROUTE,ME,2016,1084.01,
ESTAT:TPS00099(1.0),14/03/23 23:00:00,A,EUR_HAB_KP10,TOTALNOREROUTE,ME,2017,1094.77,
ESTAT:TPS00099(1.0),14/03/23 23:00:00,A,EUR_HAB_KP10,TOTALNOREROUTE,ME,2018,1094.30,
ESTAT:TPS00099(1.0),14/03/23 23:00:00,A,EUR_HAB_KP10,TOTALNOREROUTE,ME,2019,1148.74,
ESTAT:TPS00099(1.0),14/03/23 23:00:00,A,EUR_HAB_KP10,TOTALNOREROUTE,MK,2015,559.92,
ESTAT:TPS00099(1.0),14/03/23 23:00:00,A,EUR_HAB_KP10,TOTALNOREROUTE,MK,2016,592.52,
ESTAT:TPS00099(1.0),14/03/23 23:00:00,A,EUR_HAB_KP10,TOTALNOREROUTE,MK,2017,621.54,
ESTAT:TPS00099(1.0),14/03/23 23:00:00,A,EUR_HAB_KP10,TOTALNOREROUTE,MT,2009,3004.31,
ESTAT:TPS00099(1.0),14/03/23 23:00:00,A,EUR_HAB_KP10,TOTALNOREROUTE,MT,2010,3101.42,
ESTAT:TPS00099(1.0),14/03/23 23:00:00,A,EUR_HAB_KP10,TOTALNOREROUTE,MT,2011,3050.29,
ESTAT:TPS00099(1.0),14/03/23 23:00:00,A,EUR_HAB_KP10,TOTALNOREROUTE,MT,2012,3120.36,
ESTAT:TPS00099(1.0),14/03/23 23:00:00,A,EUR_HAB_KP10,TOTALNOREROUTE,MT,2013,3205.38,
ESTAT:TPS00099(1.0),14/03/23 23:00:00,A,EUR_HAB_KP10,TOTALNOREROUTE,MT,2014,3342.66,
ESTAT:TPS00099(1.0),14/03/23 23:00:00,A,EUR_HAB_KP10,TOTALNOREROUTE,MT,2015,3368.54,
ESTAT:TPS00099(1.0),14/03/23 23:00:00,A,EUR_HAB_KP10,TOTALNOREROUTE,MT,2016,3442.93,
ESTAT:TPS00099(1.0),14/03/23 23:00:00,A,EUR_HAB_KP10,TOTALNOREROUTE,MT,2017,3495.89,
ESTAT:TPS00099(1.0),14/03/23 23:00:00,A,EUR_HAB_KP10,TOTALNOREROUTE,MT,2018,3496.65,
ESTAT:TPS00099(1.0),14/03/23 23:00:00,A,EUR_HAB_KP10,TOTALNOREROUTE,MT,2019,3548.22,
ESTAT:TPS00099(1.0),14/03/23 23:00:00,A,EUR_HAB_KP10,TOTALNOREROUTE,MT,2020,4333.66,
ESTAT:TPS00099(1.0),14/03/23 23:00:00,A,EUR_HAB_KP10,TOTALNOREROUTE,NL,2009,11408.02,
ESTAT:TPS00099(1.0),14/03/23 23:00:00,A,EUR_HAB_KP10,TOTALNOREROUTE,NL,2010,11639.39,
ESTAT:TPS00099(1.0),14/03/23 23:00:00,A,EUR_HAB_KP10,TOTALNOREROUTE,NL,2011,11849.63,
ESTAT:TPS00099(1.0),14/03/23 23:00:00,A,EUR_HAB_KP10,TOTALNOREROUTE,NL,2012,11866.74,
ESTAT:TPS00099(1.0),14/03/23 23:00:00,A,EUR_HAB_KP10,TOTALNOREROUTE,NL,2013,11833.78,
ESTAT:TPS00099(1.0),14/03/23 23:00:00,A,EUR_HAB_KP10,TOTALNOREROUTE,NL,2014,11793.64,
ESTAT:TPS00099(1.0),14/03/23 23:00:00,A,EUR_HAB_KP10,TOTALNOREROUTE,NL,2015,11690.75,
ESTAT:TPS00099(1.0),14/03/23 23:00:00,A,EUR_HAB_KP10,TOTALNOREROUTE,NL,2016,11735.06,
ESTAT:TPS00099(1.0),14/03/23 23:00:00,A,EUR_HAB_KP10,TOTALNOREROUTE,NL,2017,11742.59,
ESTAT:TPS00099(1.0),14/03/23 23:00:00,A,EUR_HAB_KP10,TOTALNOREROUTE,NL,2018,11762.20,
ESTAT:TPS00099(1.0),14/03/23 23:00:00,A,EUR_HAB_KP10,TOTALNOREROUTE,NL,2019,11889.27,
ESTAT:TPS00099(1.0),14/03/23 23:00:00,A,EUR_HAB_KP10,TOTALNOREROUTE,NL,2020,12987.73,
ESTAT:TPS00099(1.0),14/03/23 23:00:00,A,EUR_HAB_KP10,TOTALNOREROUTE,NO,2009,15956.28,
ESTAT:TPS00099(1.0),14/03/23 23:00:00,A,EUR_HAB_KP10,TOTALNOREROUTE,NO,2010,16253.20,
ESTAT:TPS00099(1.0),14/03/23 23:00:00,A,EUR_HAB_KP10,TOTALNOREROUTE,NO,2011,16710.72,
ESTAT:TPS00099(1.0),14/03/23 23:00:00,A,EUR_HAB_KP10,TOTALNOREROUTE,NO,2012,17067.43,
ESTAT:TPS00099(1.0),14/03/23 23:00:00,A,EUR_HAB_KP10,TOTALNOREROUTE,NO,2013,17374.72,
ESTAT:TPS00099(1.0),14/03/23 23:00:00,A,EUR_HAB_KP10,TOTALNOREROUTE,NO,2014,17721.49,
ESTAT:TPS00099(1.0),14/03/23 23:00:00,A,EUR_HAB_KP10,TOTALNOREROUTE,NO,2015,18140.27,
ESTAT:TPS00099(1.0),14/03/23 23:00:00,A,EUR_HAB_KP10,TOTALNOREROUTE,NO,2016,18256.55,
ESTAT:TPS00099(1.0),14/03/23 23:00:00,A,EUR_HAB_KP10,TOTALNOREROUTE,NO,2017,18365.09,
ESTAT:TPS00099(1.0),14/03/23 23:00:00,A,EUR_HAB_KP10,TOTALNOREROUTE,NO,2018,18343.92,
ESTAT:TPS00099(1.0),14/03/23 23:00:00,A,EUR_HAB_KP10,TOTALNOREROUTE,NO,2019,18531.65,
ESTAT:TPS00099(1.0),14/03/23 23:00:00,A,EUR_HAB_KP10,TOTALNOREROUTE,NO,2020,19221.40,
ESTAT:TPS00099(1.0),14/03/23 23:00:00,A,EUR_HAB_KP10,TOTALNOREROUTE,PL,2009,1879.23,
ESTAT:TPS00099(1.0),14/03/23 23:00:00,A,EUR_HAB_KP10,TOTALNOREROUTE,PL,2010,1874.38,
ESTAT:TPS00099(1.0),14/03/23 23:00:00,A,EUR_HAB_KP10,TOTALNOREROUTE,PL,2011,1841.37,
ESTAT:TPS00099(1.0),14/03/23 23:00:00,A,EUR_HAB_KP10,TOTALNOREROUTE,PL,2012,1872.73,
ESTAT:TPS00099(1.0),14/03/23 23:00:00,A,EUR_HAB_KP10,TOTALNOREROUTE,PL,2013,1969.99,
ESTAT:TPS00099(1.0),14/03/23 23:00:00,A,EUR_HAB_KP10,TOTALNOREROUTE,PL,2014,2024.79,
ESTAT:TPS00099(1.0),14/03/23 23:00:00,A,EUR_HAB_KP10,TOTALNOREROUTE,PL,2015,2133.52,
ESTAT:TPS00099(1.0),14/03/23 23:00:00,A,EUR_HAB_KP10,TOTALNOREROUTE,PL,2016,2403.38,
ESTAT:TPS00099(1.0),14/03/23 23:00:00,A,EUR_HAB_KP10,TOTALNOREROUTE,PL,2017,2428.77,
ESTAT:TPS00099(1.0),14/03/23 23:00:00,A,EUR_HAB_KP10,TOTALNOREROUTE,PL,2018,2478.38,
ESTAT:TPS00099(1.0),14/03/23 23:00:00,A,EUR_HAB_KP10,TOTALNOREROUTE,PL,2019,2782.80,
ESTAT:TPS00099(1.0),14/03/23 23:00:00,A,EUR_HAB_KP10,TOTALNOREROUTE,PL,2020,3110.45,
ESTAT:TPS00099(1.0),14/03/23 23:00:00,A,EUR_HAB_KP10,TOTALNOREROUTE,PT,2009,4344.01,
ESTAT:TPS00099(1.0),14/03/23 23:00:00,A,EUR_HAB_KP10,TOTALNOREROUTE,PT,2010,4386.00,
ESTAT:TPS00099(1.0),14/03/23 23:00:00,A,EUR_HAB_KP10,TOTALNOREROUTE,PT,2011,4259.36,
ESTAT:TPS00099(1.0),14/03/23 23:00:00,A,EUR_HAB_KP10,TOTALNOREROUTE,PT,2012,4169.37,
ESTAT:TPS00099(1.0),14/03/23 23:00:00,A,EUR_HAB_KP10,TOTALNOREROUTE,PT,2013,4387.86,
ESTAT:TPS00099(1.0),14/03/23 23:00:00,A,EUR_HAB_KP10,TOTALNOREROUTE,PT,2014,4343.84,
ESTAT:TPS00099(1.0),14/03/23 23:00:00,A,EUR_HAB_KP10,TOTALNOREROUTE,PT,2015,4304.21,
ESTAT:TPS00099(1.0),14/03/23 23:00:00,A,EUR_HAB_KP10,TOTALNOREROUTE,PT,2016,4323.71,
ESTAT:TPS00099(1.0),14/03/23 23:00:00,A,EUR_HAB_KP10,TOTALNOREROUTE,PT,2017,4393.90,
ESTAT:TPS00099(1.0),14/03/23 23:00:00,A,EUR_HAB_KP10,TOTALNOREROUTE,PT,2018,4419.08,
ESTAT:TPS00099(1.0),14/03/23 23:00:00,A,EUR_HAB_KP10,TOTALNOREROUTE,PT,2019,4570.69,
ESTAT:TPS00099(1.0),14/03/23 23:00:00,A,EUR_HAB_KP10,TOTALNOREROUTE,PT,2020,4829.29,
ESTAT:TPS00099(1.0),14/03/23 23:00:00,A,EUR_HAB_KP10,TOTALNOREROUTE,RO,2009,1082.74,
ESTAT:TPS00099(1.0),14/03/23 23:00:00,A,EUR_HAB_KP10,TOTALNOREROUTE,RO,2010,1083.57,
ESTAT:TPS00099(1.0),14/03/23 23:00:00,A,EUR_HAB_KP10,TOTALNOREROUTE,RO,2011,1054.79,
ESTAT:TPS00099(1.0),14/03/23 23:00:00,A,EUR_HAB_KP10,TOTALNOREROUTE,RO,2012,1003.98,
ESTAT:TPS00099(1.0),14/03/23 23:00:00,A,EUR_HAB_KP10,TOTALNOREROUTE,RO,2013,1023.05,
ESTAT:TPS00099(1.0),14/03/23 23:00:00,A,EUR_HAB_KP10,TOTALNOREROUTE,RO,2014,1053.33,
ESTAT:TPS00099(1.0),14/03/23 23:00:00,A,EUR_HAB_KP10,TOTALNOREROUTE,RO,2015,1099.54,
ESTAT:TPS00099(1.0),14/03/23 23:00:00,A,EUR_HAB_KP10,TOTALNOREROUTE,RO,2016,1157.48,
ESTAT:TPS00099(1.0),14/03/23 23:00:00,A,EUR_HAB_KP10,TOTALNOREROUTE,RO,2017,1284.64,
ESTAT:TPS00099(1.0),14/03/23 23:00:00,A,EUR_HAB_KP10,TOTALNOREROUTE,RO,2018,1388.68,
ESTAT:TPS00099(1.0),14/03/23 23:00:00,A,EUR_HAB_KP10,TOTALNOREROUTE,RO,2019,1490.74,
ESTAT:TPS00099(1.0),14/03/23 23:00:00,A,EUR_HAB_KP10,TOTALNOREROUTE,RO,2020,1704.86,
ESTAT:TPS00099(1.0),14/03/23 23:00:00,A,EUR_HAB_KP10,TOTALNOREROUTE,RS,2009,999.88,
ESTAT:TPS00099(1.0),14/03/23 23:00:00,A,EUR_HAB_KP10,TOTALNOREROUTE,RS,2010,977.30,
ESTAT:TPS00099(1.0),14/03/23 23:00:00,A,EUR_HAB_KP10,TOTALNOREROUTE,RS,2011,950.45,
ESTAT:TPS00099(1.0),14/03/23 23:00:00,A,EUR_HAB_KP10,TOTALNOREROUTE,RS,2012,994.55,
ESTAT:TPS00099(1.0),14/03/23 23:00:00,A,EUR_HAB_KP10,TOTALNOREROUTE,RS,2013,986.20,
ESTAT:TPS00099(1.0),14/03/23 23:00:00,A,EUR_HAB_KP10,TOTALNOREROUTE,RS,2014,989.37,
ESTAT:TPS00099(1.0),14/03/23 23:00:00,A,EUR_HAB_KP10,TOTALNOREROUTE,RS,2015,951.02,
ESTAT:TPS00099(1.0),14/03/23 23:00:00,A,EUR_HAB_KP10,TOTALNOREROUTE,RS,2016,972.10,
ESTAT:TPS00099(1.0),14/03/23 23:00:00,A,EUR_HAB_KP10,TOTALNOREROUTE,RS,2017,957.10,
ESTAT:TPS00099(1.0),14/03/23 23:00:00,A,EUR_HAB_KP10,TOTALNOREROUTE,RS,2018,1007.95,
ESTAT:TPS00099(1.0),14/03/23 23:00:00,A,EUR_HAB_KP10,TOTALNOREROUTE,RS,2019,1068.07,
ESTAT:TPS00099(1.0),14/03/23 23:00:00,A,EUR_HAB_KP10,TOTALNOREROUTE,RS,2020,1211.56,
ESTAT:TPS00099(1.0),14/03/23 23:00:00,A,EUR_HAB_KP10,TOTALNOREROUTE,SE,2009,11375.59,
ESTAT:TPS00099(1.0),14/03/23 23:00:00,A,EUR_HAB_KP10,TOTALNOREROUTE,SE,2010,11322.94,
ESTAT:TPS00099(1.0),14/03/23 23:00:00,A,EUR_HAB_KP10,TOTALNOREROUTE,SE,2011,11350.63,
ESTAT:TPS00099(1.0),14/03/23 23:00:00,A,EUR_HAB_KP10,TOTALNOREROUTE,SE,2012,11605.94,
ESTAT:TPS00099(1.0),14/03/23 23:00:00,A,EUR_HAB_KP10,TOTALNOREROUTE,SE,2013,11930.44,
ESTAT:TPS00099(1.0),14/03/23 23:00:00,A,EUR_HAB_KP10,TOTALNOREROUTE,SE,2014,11943.90,
ESTAT:TPS00099(1.0),14/03/23 23:00:00,A,EUR_HAB_KP10,TOTALNOREROUTE,SE,2015,12242.59,
ESTAT:TPS00099(1.0),14/03/23 23:00:00,A,EUR_HAB_KP10,TOTALNOREROUTE,SE,2016,12543.63,
ESTAT:TPS00099(1.0),14/03/23 23:00:00,A,EUR_HAB_KP10,TOTALNOREROUTE,SE,2017,12383.85,
ESTAT:TPS00099(1.0),14/03/23 23:00:00,A,EUR_HAB_KP10,TOTALNOREROUTE,SE,2018,12208.28,
ESTAT:TPS00099(1.0),14/03/23 23:00:00,A,EUR_HAB_KP10,TOTALNOREROUTE,SE,2019,12101.72,
ESTAT:TPS00099(1.0),14/03/23 23:00:00,A,EUR_HAB_KP10,TOTALNOREROUTE,SE,2020,12405.85,p
ESTAT:TPS00099(1.0),14/03/23 23:00:00,A,EUR_HAB_KP10,TOTALNOREROUTE,SI,2009,4274.38,
ESTAT:TPS00099(1.0),14/03/23 23:00:00,A,EUR_HAB_KP10,TOTALNOREROUTE,SI,2010,4322.33,
ESTAT:TPS00099(1.0),14/03/23 23:00:00,A,EUR_HAB_KP10,TOTALNOREROUTE,SI,2011,4343.31,
ESTAT:TPS00099(1.0),14/03/23 23:00:00,A,EUR_HAB_KP10,TOTALNOREROUTE,SI,2012,4240.79,
ESTAT:TPS00099(1.0),14/03/23 23:00:00,A,EUR_HAB_KP10,TOTALNOREROUTE,SI,2013,4167.62,
ESTAT:TPS00099(1.0),14/03/23 23:00:00,A,EUR_HAB_KP10,TOTALNOREROUTE,SI,2014,4196.89,
ESTAT:TPS00099(1.0),14/03/23 23:00:00,A,EUR_HAB_KP10,TOTALNOREROUTE,SI,2015,4319.15,
ESTAT:TPS00099(1.0),14/03/23 23:00:00,A,EUR_HAB_KP10,TOTALNOREROUTE,SI,2016,4389.24,
ESTAT:TPS00099(1.0),14/03/23 23:00:00,A,EUR_HAB_KP10,TOTALNOREROUTE,SI,2017,4462.06,
ESTAT:TPS00099(1.0),14/03/23 23:00:00,A,EUR_HAB_KP10,TOTALNOREROUTE,SI,2018,4519.61,
ESTAT:TPS00099(1.0),14/03/23 23:00:00,A,EUR_HAB_KP10,TOTALNOREROUTE,SI,2019,4688.80,
ESTAT:TPS00099(1.0),14/03/23 23:00:00,A,EUR_HAB_KP10,TOTALNOREROUTE,SI,2020,5283.40,p
ESTAT:TPS00099(1.0),14/03/23 23:00:00,A,EUR_HAB_KP10,TOTALNOREROUTE,SK,2009,2217.49,
ESTAT:TPS00099(1.0),14/03/23 23:00:00,A,EUR_HAB_KP10,TOTALNOREROUTE,SK,2010,2285.56,
ESTAT:TPS00099(1.0),14/03/23 23:00:00,A,EUR_HAB_KP10,TOTALNOREROUTE,SK,2011,2248.04,
ESTAT:TPS00099(1.0),14/03/23 23:00:00,A,EUR_HAB_KP10,TOTALNOREROUTE,SK,2012,2256.45,
ESTAT:TPS00099(1.0),14/03/23 23:00:00,A,EUR_HAB_KP10,TOTALNOREROUTE,SK,2013,2305.61,
ESTAT:TPS00099(1.0),14/03/23 23:00:00,A,EUR_HAB_KP10,TOTALNOREROUTE,SK,2014,2385.39,
ESTAT:TPS00099(1.0),14/03/23 23:00:00,A,EUR_HAB_KP10,TOTALNOREROUTE,SK,2015,2436.30,
ESTAT:TPS00099(1.0),14/03/23 23:00:00,A,EUR_HAB_KP10,TOTALNOREROUTE,SK,2016,2527.33,
ESTAT:TPS00099(1.0),14/03/23 23:00:00,A,EUR_HAB_KP10,TOTALNOREROUTE,SK,2017,2562.95,
ESTAT:TPS00099(1.0),14/03/23 23:00:00,A,EUR_HAB_KP10,TOTALNOREROUTE,SK,2018,2614.78,
ESTAT:TPS00099(1.0),14/03/23 23:00:00,A,EUR_HAB_KP10,TOTALNOREROUTE,SK,2019,2665.95,
ESTAT:TPS00099(1.0),14/03/23 23:00:00,A,EUR_HAB_KP10,TOTALNOREROUTE,SK,2020,2831.01,
ESTAT:TPS00099(1.0),14/03/23 23:00:00,A,EUR_HAB_KP10,TOTALNOREROUTE,TR,2009,996.94,
ESTAT:TPS00099(1.0),14/03/23 23:00:00,A,EUR_HAB_KP10,TOTALNOREROUTE,TR,2010,1016.58,
ESTAT:TPS00099(1.0),14/03/23 23:00:00,A,EUR_HAB_KP10,TOTALNOREROUTE,TR,2011,1079.81,
ESTAT:TPS00099(1.0),14/03/23 23:00:00,A,EUR_HAB_KP10,TOTALNOREROUTE,TR,2012,1127.80,b
ESTAT:TPS00099(1.0),14/03/23 23:00:00,A,EUR_HAB_KP10,TOTALNOREROUTE,TR,2013,1181.46,
ESTAT:TPS00099(1.0),14/03/23 23:00:00,A,EUR_HAB_KP10,TOTALNOREROUTE,TR,2014,1215.01,
ESTAT:TPS00099(1.0),14/03/23 23:00:00,A,EUR_HAB_KP10,TOTALNOREROUTE,TR,2015,1257.29,
ESTAT:TPS00099(1.0),14/03/23 23:00:00,A,EUR_HAB_KP10,TOTALNOREROUTE,TR,2016,1398.86,
ESTAT:TPS00099(1.0),14/03/23 23:00:00,A,EUR_HAB_KP10,TOTALNOREROUTE,TR,2017,1413.08,
ESTAT:TPS00099(1.0),14/03/23 23:00:00,A,EUR_HAB_KP10,TOTALNOREROUTE,TR,2018,1429.64,
ESTAT:TPS00099(1.0),14/03/23 23:00:00,A,EUR_HAB_KP10,TOTALNOREROUTE,TR,2019,1486.01,
ESTAT:TPS00099(1.0),14/03/23 23:00:00,A,EUR_HAB_KP10,TOTALNOREROUTE,TR,2020,1575.40,
ESTAT:TPS00099(1.0),14/03/23 23:00:00,A,EUR_HAB_KP10,TOTALNOREROUTE,UK,2009,8314.85,
ESTAT:TPS00099(1.0),14/03/23 23:00:00,A,EUR_HAB_KP10,TOTALNOREROUTE,UK,2010,8496.06,
ESTAT:TPS00099(1.0),14/03/23 23:00:00,A,EUR_HAB_KP10,TOTALNOREROUTE,UK,2011,8495.50,
ESTAT:TPS00099(1.0),14/03/23 23:00:00,A,EUR_HAB_KP10,TOTALNOREROUTE,UK,2012,8568.00,
ESTAT:TPS00099(1.0),14/03/23 23:00:00,A,EUR_HAB_KP10,TOTALNOREROUTE,UK,2013,8519.50,
ESTAT:TPS00099(1.0),14/03/23 23:00:00,A,EUR_HAB_KP10,TOTALNOREROUTE,UK,2014,8474.77,
ESTAT:TPS00099(1.0),14/03/23 23:00:00,A,EUR_HAB_KP10,TOTALNOREROUTE,UK,2015,8713.43,
ESTAT:TPS00099(1.0),14/03/23 23:00:00,A,EUR_HAB_KP10,TOTALNOREROUTE,UK,2016,8405.93,
ESTAT:TPS00099(1.0),14/03/23 23:00:00,A,EUR_HAB_KP10,TOTALNOREROUTE,UK,2017,8658.77,
ESTAT:TPS00099(1.0),14/03/23 23:00:00,A,EUR_HAB_KP10,TOTALNOREROUTE,UK,2018,8505.64,p
